{"cameraMode":{"drawMode":0,"name":"Shaded","section":"Shading Mode"},"sceneLighting":true,"audioPlay":false,"sceneViewState":{"m_AlwaysRefresh":false,"showFog":true,"showSkybox":true,"showFlares":true,"showImageEffects":true,"showParticleSystems":true,"showVisualEffectGraphs":true,"m_FxEnabled":false},"in2DMode":false,"pivot":{"x":0.8986010551452637,"y":-3.9641427993774416,"z":19.108875274658204},"rotation":{"x":-0.21068885922431947,"y":-0.08056145906448364,"z":0.017424313351511956,"w":-0.9741449952125549},"size":5.784571170806885,"orthographic":true}