{"cameraMode":{"drawMode":0,"name":"Shaded","section":"Shading Mode"},"sceneLighting":false,"audioPlay":false,"sceneViewState":{"m_AlwaysRefresh":false,"showFog":true,"showSkybox":false,"showFlares":true,"showImageEffects":true,"showParticleSystems":true,"showVisualEffectGraphs":true,"m_FxEnabled":false},"in2DMode":false,"pivot":{"x":0.5568966865539551,"y":2.1999619007110597,"z":17.660736083984376},"rotation":{"x":-0.2739563584327698,"y":-0.010109602473676205,"z":0.0028823416214436294,"w":-0.961758017539978},"size":14.209768295288086,"orthographic":true}